{
  "XGBoost (External only)": {
    "Accuracy": 0.8481576205361372,
    "PR_AUC": 0.005427855692229688,
    "Precision": 0.0024984384759525295,
    "Recall": 0.4,
    "F1_Score": 0.004965859714463066,
    "AUC_ROC": 0.8359154261875417
  },
  "MLP (External + Mean Trace)": {
    "Accuracy": 0.9990527612010988,
    "PR_AUC": 0.0034620685072597546,
    "Precision": 0.0,
    "Recall": 0.0,
    "F1_Score": 0.0,
    "AUC_ROC": 0.8224850668436523
  },
  "LSTM (Trace only)": {
    "Accuracy": 0.9990527612010988,
    "PR_AUC": 0.0023979155271073053,
    "Precision": 0.0,
    "Recall": 0.0,
    "F1_Score": 0.0,
    "AUC_ROC": 0.6628282924054234
  },
  "Transformer (Trace only)": {
    "Accuracy": 0.9990527612010988,
    "PR_AUC": 0.0024758329015990587,
    "Precision": 0.0,
    "Recall": 0.0,
    "F1_Score": 0.0,
    "AUC_ROC": 0.6117474163269176
  }
}